id,first_name,last_name,gender,contact
1,Raghava,Vaddi,M,92323232323
2,Raghava,Vaddi,M,92323232323
3,Raghava,Vaddi,M,92323232323
4,Raghava,Vaddi,M,92323232323
5,Raghava,Vaddi,M,92323232323
6,Raghava,Vaddi,M,92323232323
7,Raghava,Vaddi,M,92323232323
8,Raghava,Vaddi,M,92323232323
9,Raghava,Vaddi,M,92323232323
10,Raghava,Vaddi,M,92323232323
11,Raghava,Vaddi,M,92323232323
12,Raghava,Vaddi,M,92323232323
13,Raghava,Vaddi,M,92323232323
14,Raghava,Vaddi,M,92323232323
15,Raghava,Vaddi,M,92323232323
16,Raghava,Vaddi,M,92323232323
17,Raghava,Vaddi,M,92323232323
18,Raghava,Vaddi,M,92323232323
19,Raghava,Vaddi,M,92323232323
20,Raghava,Vaddi,M,92323232323
21,Raghava,Vaddi,M,92323232323
22,Raghava,Vaddi,M,92323232323
23,Raghava,Vaddi,M,92323232323
24,Raghava,Vaddi,M,92323232323
25,Raghava,Vaddi,M,92323232323
26,Raghava,Vaddi,M,92323232323
27,Raghava,Vaddi,M,92323232323
28,Raghava,Vaddi,M,92323232323
29,Raghava,Vaddi,M,92323232323
30,Raghava,Vaddi,M,92323232323
31,Raghava,Vaddi,M,92323232323
32,Raghava,Vaddi,M,92323232323
33,Raghava,Vaddi,M,92323232323
34,Raghava,Vaddi,M,92323232323
35,Raghava,Vaddi,M,92323232323
36,Raghava,Vaddi,M,92323232323
37,Raghava,Vaddi,M,92323232323
38,Raghava,Vaddi,M,92323232323
39,Raghava,Vaddi,M,92323232323
40,Raghava,Vaddi,M,92323232323
41,Raghava,Vaddi,M,92323232323
42,Raghava,Vaddi,M,92323232323
43,Raghava,Vaddi,M,92323232323
44,Raghava,Vaddi,M,92323232323
45,Raghava,Vaddi,M,92323232323
46,Raghava,Vaddi,M,92323232323
47,Raghava,Vaddi,M,92323232323
48,Raghava,Vaddi,M,92323232323
49,Raghava,Vaddi,M,92323232323
50,Raghava,Vaddi,M,92323232323
51,Raghava,Vaddi,M,92323232323
52,Raghava,Vaddi,M,92323232323
53,Raghava,Vaddi,M,92323232323
54,Raghava,Vaddi,M,92323232323
55,Raghava,Vaddi,M,92323232323
56,Raghava,Vaddi,M,92323232323
57,Raghava,Vaddi,M,92323232323
58,Raghava,Vaddi,M,92323232323
59,Raghava,Vaddi,M,92323232323
60,Raghava,Vaddi,M,92323232323
61,Raghava,Vaddi,M,92323232323
62,Raghava,Vaddi,M,92323232323
63,Raghava,Vaddi,M,92323232323
64,Raghava,Vaddi,M,92323232323
65,Raghava,Vaddi,M,92323232323
66,Raghava,Vaddi,M,92323232323
67,Raghava,Vaddi,M,92323232323
68,Raghava,Vaddi,M,92323232323
69,Raghava,Vaddi,M,92323232323
70,Raghava,Vaddi,M,92323232323
71,Raghava,Vaddi,M,92323232323
72,Raghava,Vaddi,M,92323232323
73,Raghava,Vaddi,M,92323232323
74,Raghava,Vaddi,M,92323232323
75,Raghava,Vaddi,M,92323232323
76,Raghava,Vaddi,M,92323232323
77,Raghava,Vaddi,M,92323232323
78,Raghava,Vaddi,M,92323232323
79,Raghava,Vaddi,M,92323232323
80,Raghava,Vaddi,M,92323232323
81,Raghava,Vaddi,M,92323232323
82,Raghava,Vaddi,M,92323232323
83,Raghava,Vaddi,M,92323232323
84,Raghava,Vaddi,M,92323232323
85,Raghava,Vaddi,M,92323232323
86,Raghava,Vaddi,M,92323232323
87,Raghava,Vaddi,M,92323232323
88,Raghava,Vaddi,M,92323232323
89,Raghava,Vaddi,M,92323232323
90,Raghava,Vaddi,M,92323232323
91,Raghava,Vaddi,M,92323232323
92,Raghava,Vaddi,M,92323232323
93,Raghava,Vaddi,M,92323232323
94,Raghava,Vaddi,M,92323232323
95,Raghava,Vaddi,M,92323232323
96,Raghava,Vaddi,M,92323232323
97,Raghava,Vaddi,M,92323232323
98,Raghava,Vaddi,M,92323232323
99,Raghava,Vaddi,M,92323232323
100,Raghava,Vaddi,M,92323232323
101,Raghava,Vaddi,M,92323232323
102,Raghava,Vaddi,M,92323232323
103,Raghava,Vaddi,M,92323232323
104,Raghava,Vaddi,M,92323232323
105,Raghava,Vaddi,M,92323232323
106,Raghava,Vaddi,M,92323232323
107,Raghava,Vaddi,M,92323232323
108,Raghava,Vaddi,M,92323232323
109,Raghava,Vaddi,M,92323232323
110,Raghava,Vaddi,M,92323232323
111,Raghava,Vaddi,M,92323232323
112,Raghava,Vaddi,M,92323232323
113,Raghava,Vaddi,M,92323232323
114,Raghava,Vaddi,M,92323232323
115,Raghava,Vaddi,M,92323232323
116,Raghava,Vaddi,M,92323232323
117,Raghava,Vaddi,M,92323232323
118,Raghava,Vaddi,M,92323232323
119,Raghava,Vaddi,M,92323232323
120,Raghava,Vaddi,M,92323232323
121,Raghava,Vaddi,M,92323232323
122,Raghava,Vaddi,M,92323232323
123,Raghava,Vaddi,M,92323232323
124,Raghava,Vaddi,M,92323232323
125,Raghava,Vaddi,M,92323232323
126,Raghava,Vaddi,M,92323232323
127,Raghava,Vaddi,M,92323232323
128,Raghava,Vaddi,M,92323232323
129,Raghava,Vaddi,M,92323232323
130,Raghava,Vaddi,M,92323232323
131,Raghava,Vaddi,M,92323232323
132,Raghava,Vaddi,M,92323232323
133,Raghava,Vaddi,M,92323232323
134,Raghava,Vaddi,M,92323232323
135,Raghava,Vaddi,M,92323232323
136,Raghava,Vaddi,M,92323232323
137,Raghava,Vaddi,M,92323232323
138,Raghava,Vaddi,M,92323232323
139,Raghava,Vaddi,M,92323232323
140,Raghava,Vaddi,M,92323232323
141,Raghava,Vaddi,M,92323232323
142,Raghava,Vaddi,M,92323232323
143,Raghava,Vaddi,M,92323232323
144,Raghava,Vaddi,M,92323232323
145,Raghava,Vaddi,M,92323232323
146,Raghava,Vaddi,M,92323232323
147,Raghava,Vaddi,M,92323232323
148,Raghava,Vaddi,M,92323232323
149,Raghava,Vaddi,M,92323232323
150,Raghava,Vaddi,M,92323232323
151,Raghava,Vaddi,M,92323232323
152,Raghava,Vaddi,M,92323232323
153,Raghava,Vaddi,M,92323232323
154,Raghava,Vaddi,M,92323232323
155,Raghava,Vaddi,M,92323232323
156,Raghava,Vaddi,M,92323232323
157,Raghava,Vaddi,M,92323232323
158,Raghava,Vaddi,M,92323232323
159,Raghava,Vaddi,M,92323232323
160,Raghava,Vaddi,M,92323232323
161,Raghava,Vaddi,M,92323232323
162,Raghava,Vaddi,M,92323232323
163,Raghava,Vaddi,M,92323232323
164,Raghava,Vaddi,M,92323232323
165,Raghava,Vaddi,M,92323232323
166,Raghava,Vaddi,M,92323232323
167,Raghava,Vaddi,M,92323232323
168,Raghava,Vaddi,M,92323232323
169,Raghava,Vaddi,M,92323232323
170,Raghava,Vaddi,M,92323232323
171,Raghava,Vaddi,M,92323232323
172,Raghava,Vaddi,M,92323232323
173,Raghava,Vaddi,M,92323232323
174,Raghava,Vaddi,M,92323232323
175,Raghava,Vaddi,M,92323232323
176,Raghava,Vaddi,M,92323232323
177,Raghava,Vaddi,M,92323232323
178,Raghava,Vaddi,M,92323232323
179,Raghava,Vaddi,M,92323232323
180,Raghava,Vaddi,M,92323232323
181,Raghava,Vaddi,M,92323232323
182,Raghava,Vaddi,M,92323232323
183,Raghava,Vaddi,M,92323232323
184,Raghava,Vaddi,M,92323232323
185,Raghava,Vaddi,M,92323232323
186,Raghava,Vaddi,M,92323232323
187,Raghava,Vaddi,M,92323232323
188,Raghava,Vaddi,M,92323232323
189,Raghava,Vaddi,M,92323232323
190,Raghava,Vaddi,M,92323232323
191,Raghava,Vaddi,M,92323232323
192,Raghava,Vaddi,M,92323232323
193,Raghava,Vaddi,M,92323232323
194,Raghava,Vaddi,M,92323232323
195,Raghava,Vaddi,M,92323232323